,lead_time,arrival_date_week_number,stays_in_weekend_nights,stays_in_week_nights,adults,children,babies,booking_changes,previous_cancellations,previous_bookings_not_canceled,days_in_waiting_list,adr,required_car_parking_spaces,total_of_special_requests,total_guests,total_nights,is_canceled
lead_time,1.0,0.10298598364329895,0.23523385485893117,0.3116855013065407,0.13943048336397923,0.0285043278007042,-0.0036259537568131242,0.07991603304771232,0.005288486174443483,-0.07960699050292372,0.1326463104908944,0.017442185173226887,-0.08790515689153353,0.03382943207740596,0.12567714970456573,0.3435470881511799,0.18351501143103624
arrival_date_week_number,0.10298598364329895,1.0,0.028681311833661904,0.030062903984036927,0.025891350460461232,0.013948165797113448,0.014070052037989618,0.012977651372077138,0.007117325275926959,-0.021056199406338204,0.013347384299193169,0.11010049539105256,0.009374586860451353,0.04669946097246885,0.0304614980341531,0.0431855461755257,0.0027446966031407227
stays_in_weekend_nights,0.23523385485893117,0.028681311833661904,1.0,0.5467209442299981,0.09012203167645882,0.028186688663179776,0.013735644937244471,0.03526004393981367,-0.021144006563586948,-0.057383333359505066,-0.03249537489923082,0.0307362543967707,-0.04454685650977705,0.031520518561055116,0.08918887126631563,0.761208603118768,0.05775986429928689
stays_in_week_nights,0.3116855013065407,0.030062903984036927,0.5467209442299981,1.0,0.0977172359982974,0.030017288225469792,0.016141392283196925,0.06764884482805225,-0.01937324423277659,-0.05940127222699952,0.0013516076162177668,0.04199875535890928,-0.04659895069823067,0.03669118024283186,0.09657027480483871,0.9181665120084331,0.08010446599755584
adults,0.13943048336397923,0.025891350460461232,0.09012203167645882,0.0977172359982974,1.0,0.02142590327762321,0.016035393484395703,-0.03639568043889999,-0.04253608588239974,-0.1221766357631492,-0.015134789786216745,0.25683577673736324,0.006478662690936133,0.11165041129539528,0.8016624925292862,0.11891871902761084,0.07977301271059879
children,0.0285043278007042,0.013948165797113448,0.028186688663179776,0.030017288225469792,0.02142590327762321,1.0,0.0175107450306172,0.033652150461090595,-0.019287636319295986,-0.029470819659689413,-0.02045663470885122,0.3490990775637713,0.0362240086222539,0.044416261469371617,0.5972320563382445,0.037355652153584294,0.06705384299425014
babies,-0.0036259537568131242,0.014070052037989618,0.013735644937244471,0.016141392283196925,0.016035393484395703,0.0175107450306172,1.0,0.08407621072718775,-0.005407642013145621,-0.009252212563965544,-0.006844378209634675,0.024946312083905738,0.030639107756374878,0.09474769537954512,0.16671551752177932,0.019363555335062566,-0.020739634849884343
booking_changes,0.07991603304771232,0.012977651372077138,0.03526004393981367,0.06764884482805225,-0.03639568043889999,0.033652150461090595,0.08407621072718775,1.0,-0.010271105035238213,0.005945629231532727,0.024342571238619725,0.010436540975901765,0.050937887075758706,0.01884304115792711,0.0029085454480383614,0.058085273745607874,-0.09356032133647199
previous_cancellations,0.005288486174443483,0.007117325275926959,-0.021144006563586948,-0.01937324423277659,-0.04253608588239974,-0.019287636319295986,-0.005407642013145621,-0.010271105035238213,1.0,0.39186213227749983,0.003712156730837862,-0.05507048364565071,-0.0035636882796591125,0.001675729767183431,-0.04539866921698329,-0.024148675729524654,0.0513713888967788
previous_bookings_not_canceled,-0.07960699050292372,-0.021056199406338204,-0.057383333359505066,-0.05940127222699952,-0.1221766357631492,-0.029470819659689413,-0.009252212563965544,0.005945629231532727,0.39186213227749983,1.0,-0.006347404365739326,-0.09312755254383284,0.04069819868304694,0.027353947954930166,-0.11451149390575416,-0.07062983482604743,-0.05238818851012272
days_in_waiting_list,0.1326463104908944,0.013347384299193169,-0.03249537489923082,0.0013516076162177668,-0.015134789786216745,-0.02045663470885122,-0.006844378209634675,0.024342571238619725,0.003712156730837862,-0.006347404365739326,1.0,-0.03583205817036566,-0.016095883959156794,-0.049620529563461385,-0.02471695677210145,-0.011673405899389585,0.004519137667085865
adr,0.017442185173226887,0.11010049539105256,0.0307362543967707,0.04199875535890928,0.25683577673736324,0.3490990775637713,0.024946312083905738,0.010436540975901765,-0.05507048364565071,-0.09312755254383284,-0.03583205817036566,1.0,0.038678973393929936,0.14632816458925346,0.4074411393511957,0.05552223138949363,0.12781557806320112
required_car_parking_spaces,-0.08790515689153353,0.009374586860451353,-0.04454685650977705,-0.04659895069823067,0.006478662690936133,0.0362240086222539,0.030639107756374878,0.050937887075758706,-0.0035636882796591125,0.04069819868304694,-0.016095883959156794,0.038678973393929936,1.0,0.04855773722707667,0.030441892365148483,-0.05347501053258351,-0.18567373392931
total_of_special_requests,0.03382943207740596,0.04669946097246885,0.031520518561055116,0.03669118024283186,0.11165041129539528,0.044416261469371617,0.09474769537954512,0.01884304115792711,0.001675729767183431,0.027353947954930166,-0.049620529563461385,0.14632816458925346,0.04855773722707667,1.0,0.1271732826921257,0.04330442169052359,-0.12209983363482454
total_guests,0.12567714970456573,0.0304614980341531,0.08918887126631563,0.09657027480483871,0.8016624925292862,0.5972320563382445,0.16671551752177932,0.0029085454480383614,-0.04539866921698329,-0.11451149390575416,-0.02471695677210145,0.4074411393511957,0.030441892365148483,0.1271732826921257,1.0,0.11795965306606548,0.09854016706218463
total_nights,0.3435470881511799,0.0431855461755257,0.761208603118768,0.9181665120084331,0.11891871902761084,0.037355652153584294,0.019363555335062566,0.058085273745607874,-0.024148675729524654,-0.07062983482604743,-0.011673405899389585,0.05552223138949363,-0.05347501053258351,0.04330442169052359,0.11795965306606548,1.0,0.08212241072437089
is_canceled,0.18351501143103624,0.0027446966031407227,0.05775986429928689,0.08010446599755584,0.07977301271059879,0.06705384299425014,-0.020739634849884343,-0.09356032133647199,0.0513713888967788,-0.05238818851012272,0.004519137667085865,0.12781557806320112,-0.18567373392931,-0.12209983363482454,0.09854016706218463,0.08212241072437089,1.0
